id,name,email,phone,city,signup_date
1,Allison Hill,donaldgarcia@example.net,+1-219-560-0133,Robinsonshire,2024-06-17
2,Abigail Shaffer,jpeterson@example.org,001-851-316-1559x40781,Mariastad,2025-02-04
3,Benjamin Stanley,tracie31@example.com,575-425-5341x928,Grayside,2024-05-02
4,Sarah Parsons,lydiatrujillo@example.com,513-695-3767x242,Hurstfurt,2024-08-21
5,Zachary Hicks,camposmichelle@example.org,+1-326-691-6697x8480,Danielchester,2024-03-15
6,Troy Liu,teresa28@example.org,+1-948-293-2528x8095,West Natashaport,2024-05-17
7,Shawn Arroyo,dennislisa@example.net,001-822-778-2489x63834,Lammouth,2024-02-15
8,Austin Smith,briannasmith@example.net,+1-403-910-5183x4738,Port Thomas,2024-09-25
9,Brent Jordan,ujenkins@example.org,+1-610-965-1333x87262,Port Sandra,2024-10-23
10,Savannah Garcia,novaksara@example.org,(267)873-6026,Saramouth,2024-06-22
11,Tyler Cowan,smoore@example.org,4982050097,Port Jacobland,2025-04-21
12,Jennifer David,bethwilliams@example.org,(799)385-4353x46247,South Christineshire,2024-01-30
13,Daniel Baker,nicole35@example.com,(378)449-8084,Darrellville,2025-06-12
14,Denise Jacobs,james48@example.com,801-264-0052x427,North Sierraberg,2025-01-10
15,Jacob Tran,tanderson@example.com,4535315869,Port Lisa,2025-09-28
16,Christopher Middleton,vpham@example.org,521-260-7337x543,South Mark,2025-09-15
17,Raymond Bell,ifrazier@example.com,8147294019,Samuelhaven,2024-02-11
18,Kenneth Scott,zsmith@example.net,+1-835-661-5951x48465,East Robert,2025-11-13
19,Paul Thompson,richard04@example.com,969.495.7773,West Zacharymouth,2024-01-25
20,Nicole Chambers,lindsayhernandez@example.org,979.817.6936,East Diana,2023-11-18
21,Shannon Mcclure,zrobinson@example.net,870.983.1727x88957,Lake Michelle,2024-10-28
22,David Walsh,rsims@example.com,443-545-5812,Bensonborough,2024-01-02
23,Gary Owens,clarkrobert@example.net,001-509-967-0546x688,West Ryan,2023-12-06
24,Michael Yates,marycalhoun@example.net,+1-906-499-0162,West Nicholasborough,2024-11-01
25,Philip Gray,fking@example.com,5802531003,East David,2025-04-16
26,Travis Marshall,katie29@example.net,001-512-341-9049x6631,Melissaville,2025-07-24
27,Dr. Hannah Patterson,casey50@example.com,916.857.2628x4987,Marcusbury,2025-08-20
28,Diana Hayes,qhudson@example.com,207-552-7354x54948,East Jenniferfort,2025-01-18
29,Melissa Brewer,bwest@example.org,736-734-9578x8568,Nelsonview,2024-05-11
30,Corey Wilson,jamesrodgers@example.com,001-498-694-1343x5240,North Angelaberg,2025-03-23
31,Katherine Salas,taylor75@example.org,2474116719,Port Anna,2024-07-06
32,David Grant,yobrien@example.net,286.377.4964,Lake Jason,2025-04-09
33,David Arnold,aaronhayes@example.net,340.534.4713x4936,West Margaret,2024-01-08
34,Ricky Larson,scott74@example.net,(248)387-7190x6594,Lake Mary,2025-02-02
35,Alicia Hubbard,barbara27@example.net,+1-374-429-6717x5655,Robertfort,2024-06-24
36,Jennifer Hodges,gibsonleonard@example.com,768-908-7603,Wolfborough,2024-06-08
37,Tanya Kim,omartinez@example.net,324.980.8613,Lake Marilynfort,2025-11-07
38,Katrina Hill,pbaird@example.com,+1-826-739-8214,Loriport,2025-05-30
39,Kevin Duarte,cgrimes@example.net,855.288.6753x3963,Juliefurt,2024-09-08
40,Rebecca Pearson MD,martineztammy@example.com,371-987-0262,Matthewfurt,2025-04-01
41,Gary Craig,ofinley@example.net,001-478-609-1343x16117,North Markton,2024-06-28
42,Jeffrey Sanchez,yknight@example.org,(421)596-9379,Littlemouth,2024-05-30
43,Stephanie Marshall,erica21@example.com,(894)764-7436x713,Victoriaport,2023-12-01
44,Mary Hill,lozanojulie@example.com,001-739-453-3942x10470,West Markchester,2024-03-29
45,Richard Walter,alyssa42@example.com,245.617.1236x8516,South Miguelview,2025-02-10
46,Mark Watson,thomasharvey@example.net,393-517-4612x00471,South Shawn,2025-04-17
47,Melissa Fernandez,nicolepena@example.com,+1-764-205-3773x515,Hillville,2025-09-02
48,Anna Lewis,williamsmatthew@example.org,001-431-283-9335,Micheleberg,2024-02-22
49,Rebecca Rodriguez,andersonmichael@example.org,001-350-324-0268,Weststad,2024-12-16
50,Jodi Walker,acostaregina@example.net,447.300.7661x77115,West Claudia,2025-02-10
51,Erika Vang,shawn96@example.org,001-318-736-7365x766,Edwardsview,2024-08-30
52,Melissa Wells,deckerchristopher@example.org,001-252-680-9885x1656,Michaelshire,2024-12-12
53,Matthew Walker,bellangela@example.org,001-649-636-8998x09402,Michaelburgh,2025-09-19
54,Matthew Jones,davisalyssa@example.com,(275)325-4599x10229,Scottchester,2024-11-25
55,Jennifer Lewis,reeddaniel@example.net,+1-497-684-0369x00343,Marktown,2024-12-04
56,Casey James,vincentwhitaker@example.com,860-860-7159,Robertsfurt,2023-11-30
57,Carolyn Meza,xcollier@example.org,(313)369-6816x45352,Port Michael,2025-05-31
58,Maria Hernandez,thomasjames@example.net,(712)777-9979,South Carlos,2024-10-22
59,Rebecca Vargas,william47@example.com,8059411998,South Reginashire,2025-04-03
60,Larry Mason,hayeslisa@example.com,001-718-720-3778x892,Paulmouth,2025-04-24
61,Rachel Holland,riveraangela@example.com,349-625-1925x4629,Schneidermouth,2025-08-06
62,Michael Valentine,lucasrodney@example.com,4544235733,West Meganville,2024-12-12
63,Sandy Stephenson,stanleynancy@example.net,(296)822-2927,Ericabury,2024-10-24
64,Nicole Bowers,amandacollins@example.com,859.477.4688,Port Cassandra,2025-09-22
65,Martin Sawyer,dawsonzachary@example.org,812-247-8261x3750,Shawbury,2024-09-08
66,Jade Johnson DVM,lacey20@example.com,827.379.0104x3289,Johnville,2023-12-21
67,Mark Dean,rodriguezrebecca@example.net,+1-708-593-2460,Lopezland,2024-12-24
68,Andrea Fox,myerstheodore@example.net,(754)705-1531x9520,Port Kimberly,2024-11-08
69,Mrs. Catherine Taylor,mjohnson@example.org,205.548.6874,Michaelton,2025-09-16
70,Denise Lloyd,vpreston@example.com,(452)677-5841x6169,Curtismouth,2025-04-10
71,Jeremy Robbins,hannahbell@example.org,001-959-264-0165x8202,North Joel,2025-03-29
72,James Bradley,erikarush@example.com,419.928.5654x310,Mcintyreville,2024-06-04
73,Michele Lewis,heather73@example.org,(617)627-1551,Lake Jenna,2025-05-10
74,Rebecca Hicks,gallowaylaura@example.org,805.989.5782x9114,Hammondshire,2024-01-10
75,Evan Jones,wfrazier@example.org,001-789-522-6801x82422,Staceyhaven,2025-10-09
76,Blake Gonzalez,david49@example.net,782-299-2299,North Brandonshire,2024-06-06
77,Pamela Butler,jimenezcourtney@example.com,+1-947-536-4710x2767,Catherinemouth,2025-09-13
78,Morgan Valencia,xanderson@example.net,+1-415-337-1473,West Soniachester,2024-05-24
79,Stephanie Li,james27@example.net,774.270.1687x339,West Troyfort,2024-06-22
80,Sarah Jordan,jessica65@example.org,(609)383-5841x6878,North Phillip,2025-07-23
81,Ms. Holly Thomas,cporter@example.org,(757)787-2982,South Vicki,2025-06-10
82,Linda Romero,terickson@example.com,9556169409,Lake Brett,2024-11-21
83,Mark Harvey,rhernandez@example.org,8915307562,Shawfort,2025-09-21
84,Monica Thornton,annbolton@example.com,665.627.8585x49733,West Kellie,2025-05-14
85,Michael Stewart,ann44@example.org,001-386-765-2404,Douglasfort,2024-04-28
86,Joshua Fitzpatrick,derrick99@example.org,908.333.0165,North Tamara,2025-11-04
87,Matthew Gilmore,mwoods@example.com,440-619-3802x62067,North Kennethville,2025-11-04
88,Mrs. Virginia Daniels,ismall@example.net,543.415.2742x054,Wilcoxhaven,2024-07-25
89,Michael Lopez,thomasboyle@example.org,563-274-5499x045,South Kurtfurt,2025-04-29
90,Stephanie Padilla,hannah45@example.net,932.572.7956,Lake Karen,2025-09-22
91,Kelly Rice,christian91@example.org,+1-983-398-2258,Lake Brandy,2024-01-23
92,Jill Brown,williambryant@example.org,+1-374-206-4039,Cooperland,2025-01-07
93,Taylor Jones DVM,mitchellhector@example.org,001-865-467-6618x25128,Port Adam,2023-12-01
94,Julie Ball,opatel@example.org,352.343.1069x033,South Carlaton,2024-05-22
95,Jennifer Young,karenparsons@example.org,643.695.9953x42836,New Stacyburgh,2025-03-14
96,Kristi Williams,shelly68@example.com,001-466-924-6287x334,New Robertchester,2025-01-19
97,Jasmine Scott,deborah75@example.org,+1-530-546-9901,Clarkmouth,2024-07-06
98,Alexis Giles,burgesskaren@example.org,001-693-663-8546x785,Williamfort,2024-11-09
99,William Harrison,robin55@example.com,8936204899,East Mark,2024-09-04
100,Danielle Pierce,jonathan77@example.com,(252)328-7280,Port Adamberg,2025-08-29
101,Andrea Hernandez,williambrooks@example.net,+1-697-270-0886x0084,Drakeburgh,2024-02-05
102,Kelly Allen,lisa46@example.org,(867)993-3410x166,Lake Albertburgh,2024-01-17
103,Mr. Richard Knight PhD,jacobsonsamantha@example.org,297.440.1489,Alexisborough,2025-02-11
104,Robert Nicholson,evansanne@example.net,(785)862-1850x1631,Anthonyview,2025-07-14
105,Katherine Kelly DVM,llopez@example.net,(719)343-1142x6265,North Sherrymouth,2024-08-19
106,Ashley Miller,jcole@example.net,(810)315-8199x56046,New Adriana,2025-04-29
107,Charles Turner,kthomas@example.com,964-371-5437x993,West Adam,2024-09-16
108,Manuel Brock,scott69@example.org,759-837-5265x4793,Lisafurt,2024-08-23
109,Justin Vargas,erinpierce@example.net,837.841.6724x342,South Vickifort,2025-02-08
110,Jonathon Knapp,ystephens@example.com,001-789-811-3529x096,North Coreybury,2024-12-14
111,Kristin Watts,seanmyers@example.net,001-382-350-7146,West Larry,2024-11-01
112,Kelly Bailey,kimheather@example.com,440-410-5123,Anitamouth,2024-05-12
113,Lori Lopez,vfoster@example.net,379.366.0334,West Mark,2024-11-03
114,Michael Burns,candice96@example.net,355-479-2499,Davidport,2024-02-12
115,Michael Dixon,kcarlson@example.com,(227)782-8274x22579,South Derrickfurt,2025-01-23
116,Kathleen Cohen,cmckinney@example.com,(619)403-4043,Cunninghamfort,2025-01-13
117,Laura Adams,amber07@example.net,361.934.0745,Port Lisaborough,2025-08-04
118,Melissa Callahan,imartin@example.org,709.658.4982,Ashleyhaven,2025-10-13
119,Anna Estes,rsellers@example.net,(623)825-3672,Hayesland,2024-09-21
120,Diana Mayer,shawn75@example.net,5179518636,Marcusport,2024-08-02
121,Bianca Phelps,patricia00@example.org,+1-670-312-7706x3242,Johnstad,2025-04-13
122,Carol Sanders,jessica36@example.net,910-237-1293,Lake Matthewville,2025-09-12
123,Carlos Jones,zdavis@example.org,255-442-6221,Bellborough,2025-03-15
124,Tamara Jensen,fheath@example.org,(619)365-6523,New Carolyn,2025-05-27
125,Peggy Vaughn,jamie98@example.org,001-264-703-7613x7918,Davidshire,2024-10-05
126,Michael Farmer,smithcarlos@example.com,800.368.4866,West Christopher,2024-01-14
127,Christina Morton,peter14@example.net,(230)431-6179x90421,East Tylerstad,2024-12-24
128,Samantha Green,david41@example.org,464-781-4917x78507,West Kerri,2025-10-08
129,Miranda Perez,williamsmichelle@example.org,5757622086,South Ruth,2024-07-19
130,Blake Watson,whitelinda@example.org,(617)544-5187x0534,Richardsonfort,2025-07-06
131,Morgan Payne,edwardrandolph@example.org,585.505.0641,Vasquezton,2024-03-03
132,Anna Morse,xhaynes@example.com,001-519-618-2619x9062,Melissafurt,2025-05-11
133,Erika Chavez,charlesharris@example.net,721-527-7561,Parkerview,2025-09-06
134,Christopher Parks,lewismelissa@example.org,235-868-0442,Hawkinsside,2024-05-26
135,Brian Leon,smithmaria@example.org,(236)351-9941,Lake Scott,2024-02-22
136,Ryan Lamb,williamssteven@example.org,001-566-470-6625,Joshuaberg,2023-12-10
137,Lisa Holland,jjenkins@example.com,2148626383,Timothyfort,2024-08-07
138,Kathryn Price,anthonyharper@example.org,001-240-578-5932x13348,Kellyburgh,2024-03-29
139,Evan Rojas,robin05@example.net,001-229-337-8427,East Carolyntown,2024-12-26
140,Gary Mendez,matthewthompson@example.com,7028921851,West Kevinberg,2024-03-15
141,Jessica Fowler,lbanks@example.net,+1-495-439-2644,Lake Stacyfurt,2025-09-04
142,Traci Johnson DDS,daniellegarcia@example.com,(951)235-5215,Jasonland,2024-08-12
143,Brian Smith,akim@example.org,(676)258-6179x32710,Joseville,2024-01-10
144,Stephen Martin,paynerachael@example.org,599-870-6296x20153,Donnaport,2024-05-16
145,James Dunn,xhernandez@example.org,(614)897-3103x24171,Burnsview,2024-01-23
146,Jasmine Watson,cwood@example.org,877-543-4902x115,Port Paulhaven,2024-10-04
147,Melissa Mayer,thomasmiller@example.net,4894899217,Port James,2023-12-17
148,William Graham,maryscott@example.net,916-286-8548,Rodriguezberg,2024-03-08
149,Lauren Hanna,buckleyanna@example.org,885-464-6799x7024,Williamsmouth,2025-05-03
150,Patrick Mccall,andrew44@example.com,513.824.7546x9137,Malonestad,2025-08-12
151,Rick Jones,htaylor@example.net,7235303070,Michealmouth,2024-12-10
152,Thomas Maldonado,nathanwheeler@example.org,598.555.2414x0602,Lake Jamie,2025-04-03
153,Alejandro Deleon,wellsdavid@example.org,+1-503-949-4466x574,Ericafurt,2025-02-09
154,Jorge Bates,anna99@example.com,517-215-4544x4328,Guerreroberg,2025-05-27
155,Jonathan Phillips,vsullivan@example.org,001-693-453-8758,West Connor,2024-02-21
156,Molly Hansen,staceylam@example.net,635-934-6554,South Brianshire,2025-02-06
157,Andrea Preston,dillonpatrick@example.com,(702)423-5697x25217,Cynthiatown,2024-10-30
158,Philip Jackson,tracygallagher@example.org,(296)566-6760,Stephaniemouth,2025-06-23
159,Cheryl Rhodes,jeremywiley@example.com,(616)689-4210,Lunahaven,2024-08-02
160,Michael Anderson,mhoward@example.org,(803)632-3098x2150,New Virginiaville,2025-04-04
161,Amber Wilson,jjames@example.com,323.304.6184x9926,Danielville,2024-12-04
162,Curtis Baker,michaelortiz@example.org,3873375300,Hernandezland,2025-07-11
163,Misty Garcia,dawn74@example.com,201.420.4556x110,West Michael,2024-10-18
164,Debra Quinn,lisa21@example.com,(974)967-6212x0216,New Noah,2024-08-18
165,Shari Hobbs,timothyfreeman@example.com,301.845.0899x358,South Michael,2025-04-22
166,Brittany Serrano,smithsarah@example.net,872.817.5354x0838,North Stephen,2025-07-28
167,Anita Jimenez,david70@example.org,(960)788-0199x4883,Marciabury,2025-08-30
168,Justin Harvey,xmoran@example.net,211.430.5548x851,Taylorchester,2024-02-05
169,Craig Martinez,ylewis@example.org,001-951-260-9177x982,New Savannahshire,2024-11-23
170,Priscilla Kent,jessicaanderson@example.com,+1-499-458-6693x46547,Morrisonhaven,2024-07-03
171,Kimberly Edwards,jamesweber@example.com,+1-652-828-8515x87996,New Danielfurt,2024-03-05
172,Anthony Adams,tonyavega@example.org,5438805719,New Kristen,2025-07-26
173,Melissa Williams,yhughes@example.net,580-604-3973x59893,Thompsonland,2024-04-07
174,Nancy Wilson,pattersonangela@example.org,(794)205-7202,Tracyshire,2025-01-14
175,Richard Stewart,susanmeyer@example.net,(768)786-1533,Kellyhaven,2024-11-16
176,Samantha Zavala MD,sean99@example.org,7569164840,Williamsborough,2024-07-19
177,Tiffany Jackson,simsjason@example.net,001-336-213-8612x07501,Port Johnathan,2024-01-07
178,Crystal Green,zhayes@example.com,606-618-0919x01581,West Kathymouth,2024-09-05
179,Matthew Wells,derekmyers@example.net,824-350-8821x0099,Jasonstad,2024-04-26
180,Matthew Hunt,jackjensen@example.com,612.390.8781,Coreyshire,2024-11-26
181,Heather Lambert,craigharvey@example.org,277-759-4929x95562,Port Jeffrey,2025-06-10
182,Destiny Ward,natalie77@example.com,001-347-281-2914x28341,Port Bonniefurt,2025-07-03
183,Susan Arnold,jvaldez@example.com,(539)442-7881x6580,South Erik,2025-01-26
184,Mary Faulkner,ccrosby@example.org,001-273-214-5303x85677,Dakotahaven,2025-03-20
185,Sandy Baker,nicholasgray@example.net,+1-218-446-3865x5779,Martinland,2024-12-17
186,Christine Lopez,carolyn13@example.com,417-477-3926x03029,New Dylanburgh,2024-06-01
187,Kellie Sullivan,johnsjessica@example.com,437-497-7236,Garymouth,2025-10-30
188,Kevin Hall,banderson@example.org,386.929.1279x90881,New Amber,2023-11-14
189,Patricia Banks,cwood@example.net,363.676.5991x62473,Scotttown,2025-05-17
190,Adrienne Mills,brooksjamie@example.com,(851)526-9448x69594,Arnoldside,2024-11-22
191,Justin Webb,becky62@example.net,237-421-3865,Oconnelltown,2025-07-30
192,Charles Frost,qdavis@example.org,(919)906-6984x902,East Melissahaven,2024-06-23
193,Richard Dixon,christinacraig@example.com,502.214.6566,North Andreaside,2025-10-24
194,Hannah Ochoa,catherinelee@example.com,001-604-726-8181,Port Williamview,2025-09-24
195,Rebecca Wright,kchurch@example.com,001-735-877-9071x41633,Zacharytown,2025-05-11
196,Danielle Davis,charles27@example.com,(539)542-3733x343,Port Christine,2024-03-14
197,Barbara Miller,waustin@example.net,4756957947,Walkershire,2024-02-21
198,Robert Mendoza,shawphillip@example.net,001-727-618-7500x36915,New Jose,2024-06-10
199,Louis Diaz,acoleman@example.net,001-855-864-7292x93143,East Lauren,2025-06-09
200,Robert Thompson,otaylor@example.net,+1-357-444-8906,East Lisafort,2025-08-26
201,Joanna Cook,michael84@example.com,4616593998,Markhaven,2024-11-26
202,Jillian Miller,steven22@example.net,869-696-1125x35544,Normanstad,2025-06-16
203,Tracie Gutierrez,melissamartinez@example.org,+1-341-332-6111x78006,Christineland,2025-04-05
204,Jean Perez,scott22@example.net,(900)455-7784,New Carla,2025-03-18
205,Sherry Graham,regina78@example.org,274-456-4240,Justinside,2023-11-20
206,Katherine Campos,albert64@example.net,508.453.6866,Claytonbury,2024-06-05
207,Mario Black,justin84@example.com,612.924.1797,West Andrew,2023-12-22
208,Alison Compton,joseph70@example.org,720-973-5647,West Christopherberg,2023-12-27
209,James Daniels,jamesskinner@example.com,3135673037,Priceport,2025-11-10
210,Mark Williams,kingdanielle@example.org,(803)513-6502x491,North Biancafort,2025-05-01
211,Jacqueline Davis,vincentparks@example.com,001-500-252-8127x35857,Howardberg,2024-05-26
212,Karina Kim,amy73@example.net,(385)457-4982,Phillipsview,2025-01-07
213,Aaron Little,bgross@example.net,(693)751-8638x782,Davidsonville,2024-01-27
214,Andrea Conley,gregoryjohnson@example.org,531.309.6789x9405,East Dianaland,2024-11-11
215,Amy Grant,yshort@example.net,3943801413,New Paul,2024-04-12
216,Danielle Garrett,angelagrant@example.net,895-776-1228,New Yesenia,2024-10-23
217,Stephanie Pierce,megan66@example.net,293-698-3684x57760,New Derekport,2023-11-19
218,Daniel Foley,ingramsherry@example.com,+1-788-499-2107,West Michael,2025-02-08
219,David Evans,ncarroll@example.net,257-827-9194,Port Brianmouth,2024-08-10
220,Jessica Conrad,kanejeremy@example.net,+1-506-404-8058x925,Lake Jessicafurt,2024-10-25
221,Laura Davis,zroberts@example.org,(351)879-0864,Ayalaberg,2025-06-27
222,Justin Freeman,annshea@example.net,831.846.5911,Michaelmouth,2024-08-07
223,Allison Torres,christina79@example.org,603.235.2110x392,Heatherville,2024-07-07
224,Alexander Clark,jamesmills@example.com,+1-679-420-6980,West Jamesview,2023-12-25
225,Tony Jones,elizabeth51@example.org,963-268-1579x8123,East Sandraport,2024-07-30
226,Patrick Smith DDS,colleen38@example.com,8464084325,Lake Patrickbury,2024-10-03
227,Christian Waller,shane23@example.net,(498)432-4826,Carlosside,2025-05-25
228,Evan Hobbs,cannonnicole@example.com,(547)542-3122x09949,Lake Anthony,2024-01-14
229,Karen Shaw,xjoseph@example.org,(577)522-3306x0463,East Saramouth,2025-09-17
230,Melissa Delacruz,ronaldparsons@example.net,001-965-269-9988x0817,New Amanda,2025-06-07
231,James Hubbard,leescott@example.com,001-347-426-4908x27718,South Robert,2024-10-29
232,Jesse Mosley,nicoledavis@example.com,001-421-811-7518x689,Williamsburgh,2025-10-22
233,Seth Huffman,mistywhite@example.net,5642474212,Alexanderfort,2025-09-08
234,Dr. Lawrence Snyder II,cchavez@example.org,+1-290-738-4983x022,East Melissashire,2025-08-25
235,Erin Miller,butlergregory@example.net,799-898-2795x0145,Port Ronaldside,2024-01-03
236,Chad Neal,mark68@example.org,001-739-601-9817x946,Sarashire,2024-12-03
237,Lynn Vasquez,nicolehall@example.com,801.207.1396,Michaelborough,2023-11-22
238,Melissa King,parkerwilliam@example.com,001-901-255-6990x23557,South Eric,2024-11-05
239,Kimberly Rogers,dreilly@example.net,295-788-0395x5124,Simsburgh,2025-01-30
240,Chelsea Wilson,janet50@example.com,(517)335-7438x42150,Hunterfort,2025-10-16
241,Cheryl Mclean,kimberly21@example.net,+1-923-207-6810x40915,New Katieport,2023-12-01
242,Emily Mcclain,james44@example.net,771-742-2410x98813,Donaldport,2025-02-01
243,Benjamin Austin,amber02@example.org,701.660.1662x9979,Lisaside,2024-01-14
244,Nicole Owens,christopherlang@example.net,817.447.7332x945,Kristinamouth,2024-10-31
245,Mr. Brian Mendoza,justinbailey@example.net,(981)861-5814,Allenbury,2025-01-12
246,John Jones,lisagarza@example.com,001-958-732-1971,Port Seanport,2024-09-24
247,Brian Cervantes,pmurphy@example.net,6138290227,Gonzalezmouth,2024-07-03
248,Susan Torres,wrobbins@example.org,001-209-286-2405,Danielport,2025-09-16
249,Jeffrey Lawrence,jennifer66@example.com,+1-832-472-3865,Whitneyberg,2024-02-26
250,Matthew Thomas,ibarrett@example.org,(867)996-9278,Kellyburgh,2024-10-08
251,Laura Bradford,jenniferadams@example.net,001-950-309-7519,Lake Jessica,2025-09-11
252,Dr. Julie Miller,sanchezcrystal@example.net,+1-718-894-9058x07787,Susanport,2024-06-25
253,Michael Harper,jessica94@example.org,+1-379-629-0490x4712,Davidview,2024-06-14
254,Alexis Rodriguez,reneestevenson@example.net,452.943.7280x512,Townsendbury,2025-04-10
255,Mark Clark,brian41@example.org,(876)974-7836,Dustinchester,2023-11-23
256,Robert Reyes,suzanne01@example.net,+1-556-594-5441x4967,Ericaburgh,2024-07-14
257,Megan Decker,jenkinsalicia@example.net,553.344.3009x109,North Melissaberg,2024-09-01
258,Stephanie Knight,pauladominguez@example.com,871-774-6542x1406,West Stephanieview,2024-03-31
259,John Mcfarland,fwhite@example.org,(286)339-1741,New Jessicamouth,2023-11-28
260,Brittany Bowman,ortegajoseph@example.net,969-308-7766x18306,Mathewport,2024-09-20
261,Zachary Holland,amanda51@example.com,001-943-528-0634x61571,North James,2025-05-26
262,Cynthia Price PhD,victor70@example.org,205-406-1387x82931,Valdezfort,2025-10-18
263,Amber Haynes,alexischen@example.com,579-329-1117,South Matthew,2025-08-24
264,Miss Erika Daugherty,marcoconnell@example.org,001-909-525-1142x62582,East Craigfurt,2025-07-10
265,Shawn Miller,whitechristopher@example.net,001-946-872-3248,East Cheryl,2023-12-13
266,Michelle Salazar,burtonkimberly@example.com,(508)633-1819x58837,East Danielberg,2025-04-29
267,Susan Jimenez,elizabethwilliams@example.net,(443)464-5970x108,South Zacharyland,2025-10-09
268,Jeremy Riley,rgonzalez@example.com,515.331.3636,Richardston,2025-10-05
269,Daniel Lynch,paultaylor@example.net,654.435.2090,Port Stevenchester,2024-03-25
270,Colleen Phillips,kristinelittle@example.net,(998)931-6873,Alexischester,2025-06-07
271,Danielle Hamilton,patriciavargas@example.org,001-806-900-7806,South Tylerland,2025-01-20
272,Melissa Russell,davidphillips@example.net,907-942-7990,Port Jacqueline,2024-04-05
273,Jacqueline Marshall,daltonchad@example.net,780-246-4989x31950,South Michaelton,2024-08-23
274,Matthew Bush,devonrogers@example.net,879-633-5548,North Nathanmouth,2024-11-25
275,Sandra Harrison,shannon51@example.org,911.462.4112x412,New Stephanie,2023-12-01
276,Wayne Weaver,thomasfisher@example.net,+1-904-931-0385x6955,Torresberg,2025-10-11
277,Carolyn Green,swatson@example.org,(454)472-9284,East John,2023-12-15
278,Laura Alexander MD,annajohnson@example.com,(425)978-2841x067,Ericside,2024-12-12
279,Michael Wells,tara92@example.net,001-575-917-0281x4069,Christopherton,2025-02-28
280,Lauren Walker,james18@example.com,+1-818-763-7599x80562,Watsonport,2024-08-07
281,William Sawyer,lewispamela@example.net,(774)326-6299x12347,Davischester,2025-03-24
282,Jennifer Peters,jamescollier@example.com,+1-570-249-4787,East Josefort,2024-02-18
283,Stephanie Butler,pknox@example.org,8146719597,Mccannville,2024-08-29
284,Laura Bruce,bonniethomas@example.com,001-325-520-4565x044,Port Cody,2025-06-20
285,Frank Stewart,joseph51@example.net,001-852-702-8457,North Jeffery,2024-12-08
286,Colin Prince,butlersabrina@example.org,(707)454-5279,Anthonyville,2024-05-04
287,Michael Watts,david21@example.com,001-211-907-6031x089,West Bradleyport,2025-04-15
288,Brent Martinez,brianagonzalez@example.net,(301)324-9552x893,New Jayborough,2024-06-19
289,Paul Smith,glasssamantha@example.net,859.327.1256x6383,Davidville,2024-12-21
290,Philip Bush,millertristan@example.com,779-447-3864x6317,Lake Travisville,2024-09-16
291,Matthew Miller,ralphneal@example.org,001-621-653-5396x1367,Kellyfurt,2024-11-24
292,Brittany Gibson,kingtyler@example.net,(701)401-7026,Christyville,2025-06-26
293,Paul Saunders,qharris@example.com,784.885.8800x6167,Stevenston,2024-03-30
294,Shannon Turner,travistaylor@example.net,(271)897-8897x7828,Troyfurt,2025-03-07
295,Pamela Mitchell,johnsonbrandon@example.com,(590)556-1655x650,Lake Larry,2024-01-18
296,Ana Torres,geoffrey85@example.org,869.786.4079x056,Port Tracyborough,2024-07-31
297,Robert Contreras Jr.,michael63@example.com,+1-318-734-4049x6391,Carloshaven,2024-11-17
298,Gregory Jones,william46@example.net,+1-453-266-4987,New Victor,2025-04-10
299,Natalie Mcdonald,umichael@example.net,8838572324,Michelleland,2025-03-20
300,Jason Colon,jonathanburke@example.com,812.830.3477,East Erikberg,2023-12-06
